year,1,2,3
1961,20,2,0
1962,19,3,1
1963,10,4,3
1964,5,3,1
1965,23,10,10
1967,18,3,3
1968,30,3,4
1969,20,8,3
1970,10,4,1
1971,14,4,4
1972,14,10,0
1973,12,14,0
1974,23,8,1
1975,22,6,2
1976,35,7,0
1977,15,2,2
1978,28,5,2
1979,25,3,2
1980,26,1,4
1981,20,7,0
1982,15,4,0
1983,11,6,2
1984,16,3,0
1985,13,3,0
1986,14,1,1
1987,8,3,0
1988,16,6,1
1989,3,2,0
1990,11,2,1
1991,4,5,1
1992,5,1,1
1993,7,6,0
1994,5,2,0
1995,2,3,0
1996,1,2,0
1997,1,1,0
1998,0,0,0
1999,3,1,0
2000,14,7,0
2001,11,13,0
2002,21,8,0
2003,21,1,0
2004,7,1,0
2005,7,2,0
2006,4,15,0
2007,4,3,0
2008,1,7,0
2009,3,0,0
2010,5,5,0
2011,1,1,0
2012,0,0,0
2013,2,1,0
2014,2,1,0
2015,4,1,1
2016,4,0,0
2017,4,1,0
2018,4,4,0
2019,2,5,0
