Year,Forest Cover,Cover Area,Tree Volume,Water Released,CO2 Saved,Oxygen Released,Tourist Per Year,Tourist Income,Up To Grade 2 days,PM2.5,Ground Water Rate,
1962,13.57,19,33,0.09,2.74,1.9,,,,,,
1963,15.94,22.32,33.23,0.09,2.76,1.92,,,,,,
1964,18.25,25.56,33.9,0.09,2.81,1.96,,,,,,
1965,20.5,28.71,35.01,0.1,2.9,2.02,,,,,,
1966,22.7,31.77,36.55,0.1,3.03,2.11,,,,,,
1967,24.83,34.76,38.53,0.11,3.2,2.22,,,,,,
1968,26.9,37.66,40.92,0.11,3.4,2.36,,,,,,
1969,28.91,40.47,43.73,0.12,3.63,2.52,,,,,,
1970,30.86,43.21,46.94,0.13,3.9,2.71,,,,,,
1971,32.76,45.86,50.56,0.14,4.2,2.92,,,,,,
1972,34.6,48.43,54.57,0.15,4.53,3.15,,,,,,
1973,36.37,50.92,58.98,0.16,4.89,3.4,,,,,,
1974,38.1,53.34,63.76,0.17,5.29,3.68,,,,,,
1975,39.76,55.67,68.92,0.18,5.72,3.98,,,,,,
1976,41.37,57.92,74.45,0.19,6.18,4.3,,,,,,
1977,42.92,60.09,80.35,0.21,6.67,4.64,,,,,,
1978,44.42,62.19,86.6,0.22,7.19,5,,,,,,
1979,45.86,64.21,93.2,0.23,7.73,5.38,,,,,,
1980,47.25,66.15,100.15,0.24,8.31,5.78,,,,,,
1981,48.58,68.01,107.44,0.25,8.91,6.2,,,,,,
1982,49.86,69.8,115.06,0.26,9.55,6.64,,,,,,
1983,51.04,71.46,123,0.28,10.21,7.1,,,,,,
1984,52.13,72.98,136.78,0.29,11.35,7.89,,,,,,
1985,53.13,74.38,159.08,0.3,13.2,9.18,,,,,,
1986,54.09,75.73,185.65,0.31,15.4,10.71,,,,,,
1987,55.04,77.05,212.24,0.33,17.61,12.25,,,,,,
1988,56,78.4,234.61,0.34,19.47,13.54,,,,,,
1989,57,79.8,248.5,0.36,20.62,14.34,,,,,,
1990,58.08,81.31,254.5,0.37,21.12,14.69,,,,,,
1991,59.24,82.93,274.4,0.39,22.77,15.84,,,,,,
1992,60.44,84.62,297.08,0.4,24.65,17.15,,,,,,
1993,61.69,86.36,320.13,0.42,26.56,18.48,,,,,,
1994,62.94,88.11,344.17,0.44,28.56,19.86,,,,,,
1995,64.18,89.85,369.84,0.46,30.69,21.35,,,,,,
1996,65.38,91.54,397.76,0.48,33.01,22.96,,,,,,
1997,66.53,93.15,428.56,0.51,35.56,24.73,,,,,,
1998,67.61,94.65,462.87,0.53,38.41,26.71,,,,,,
1999,68.59,96.02,501.3,0.56,41.6,28.93,,,,,,
2000,69.44,97.22,544.5,0.58,45.18,31.43,,,,,,
2001,70.16,98.23,615.18,0.61,51.05,35.51,,,,,,
2002,70.71,99,683.6,0.64,56.72,39.45,486.7,18.7,170,62,54,
2003,71.13,99.58,722.58,0.68,59.96,41.7,418.4,17.3,215,59,56,
2004,71.47,100.05,757.27,0.71,62.84,43.71,552,23.3,227,57,58,
2005,71.74,100.44,788.14,0.75,65.4,45.49,671.8,31.5,251,55,60,
2006,71.98,100.77,815.64,0.79,67.68,47.08,777.6,40.5,281,53,62,
2007,72.2,101.08,840.23,0.83,69.72,48.49,823.1,47.2,306,52,64,
2008,72.43,101.4,862.36,0.87,71.56,49.77,754.6,50.6,320,51,72,
2009,72.68,101.75,882.48,0.92,73.23,50.93,1080.9,72.2,342,51,75,
2010,72.97,102.16,901.06,0.96,74.77,52.01,1307.9,91.45,347,50,78.3,
2011,73.33,102.67,918.55,1.01,76.22,53.01,1698.8,126,349,50,84.6,
2012,73.79,103.3,935.4,1.07,77.62,53.99,2010,162,350,50,56,
2013,74.5,104.3,951.22,1.12,78.93,54.9,2463.4,204,206,50,68,
2014,75.52,105.73,965.47,1.18,80.11,55.72,2931.6,265,249,52,84,
2015,76.7,107.39,978.38,1.24,81.18,56.47,3349.63,338.2,260,43,88,
2016,77.89,109.05,990.18,1.3,82.16,57.15,4636.6,495,375,40,100,
2017,78.93,110.5,1001.1,1.37,83.07,57.78,5796.6,671,291,35,100,
2018,79.82,111.74,1011.29,1.56,83.91,58.37,7009.4,865.3,278,32,100,
2019,80.66,112.93,1020.7,1.94,84.69,58.91,8271.09,1055.67,308,29,100,
2020,81.46,114.05,1029.23,2.4,85.4,59.4,2800.1,300,322,27,100,
2021,82.21,115.1,1036.8,2.84,86.03,59.84,,,,,,
