year,x1,x2,x3,x4,SUM,Forest Cover,CO2 Saved,Cover Area,x1,x2,x3,x4
1962,360.108,3290.160216,14248.416,406.37184,18305.05606,13.57,2.74,19,85.74,783.37148,3392.48,96.7552
1963,375.933185,3314.175984,15064.3253,423.7700842,19178.20455,15.94,2.76,22.32,89.5079012,789.08952,3586.744118,100.8976391
1964,430.4128374,3374.215404,15525.97397,444.0189558,19774.62117,18.25,2.81,25.56,102.479247,803.38462,3696.66047,105.718799
1965,483.4774337,3482.28636,15695.44763,468.0579322,20129.26936,20.5,2.9,28.71,115.1136747,829.1158,3737.011341,111.4423648
1966,535.3628167,3638.388852,16499.90083,496.1198621,21169.77236,22.7,3.03,31.77,127.4673373,866.28306,3928.547816,118.1237767
1967,585.5973014,3842.52288,17150.13299,528.3930011,22106.64617,24.83,3.2,34.76,139.4279289,914.8864,4083.364998,125.8078574
1968,634.4167301,4082.68056,17651.9076,564.2868651,22933.29175,26.9,3.4,37.66,151.0516024,972.0668,4202.835142,134.3540155
1969,681.8211028,4358.861892,18020.55405,603.9235814,23665.16062,28.91,3.63,40.47,162.3383578,1037.82426,4290.608106,143.7913289
1970,727.8104198,4683.07476,18278.59484,648.1663709,24337.64639,30.86,3.9,43.21,173.2881952,1115.0178,4352.046391,154.3253264
1971,772.6205235,5043.31128,18429.61216,696.3874042,24941.93137,32.76,4.2,45.86,183.9572675,1200.7884,4388.002896,165.8065248
1972,816.0155711,5439.571452,18489.28938,748.7087656,25493.58517,34.6,4.53,48.43,194.2894217,1295.13606,4402.211758,178.2639918
1973,857.7597202,5871.855276,18467.91007,805.2616614,26002.78673,36.37,4.89,50.92,204.2285048,1398.06078,4397.121445,191.728967
1974,898.5604988,6352.170636,18378.32693,866.9233003,26495.98136,38.1,5.29,53.34,213.9429759,1512.42158,4375.792125,206.4103096
1975,937.7103788,6868.509648,18222.07325,933.107747,26961.40102,39.76,5.72,55.67,223.2643759,1635.35944,4338.588868,222.1685112
1976,975.6810454,7420.872312,18579.37907,1003.984462,27979.91689,41.37,6.18,57.92,232.3050108,1766.87436,4423.661683,239.0439195
1977,1012.236656,8009.258628,18889.95494,1079.737665,28991.18789,42.92,6.67,60.09,241.0087277,1906.96634,4497.60832,257.0803965
1978,1047.613054,8633.668596,19159.11087,1160.566698,30000.95922,44.42,7.19,62.19,249.4316795,2055.63538,4561.693064,276.3254043
1979,1081.574396,9282.094332,19385.79158,1245.964528,30995.42484,45.86,7.73,64.21,257.5177133,2210.02246,4615.664663,296.6582209
1980,1114.356524,9978.551604,19572.0715,1337.606065,32002.58569,47.25,8.31,66.15,265.3229819,2375.84562,4660.017024,318.4776345
1981,1145.723597,10699.02464,19719.94937,1434.293571,32998.99118,48.58,8.91,68.01,272.7913325,2547.38682,4695.226041,341.4984694
1982,1175.911456,11467.52922,20034.252,1537.730587,34215.42326,49.86,9.55,69.8,279.9789181,2730.3641,4770.06,366.1263303
1983,1203.740889,12260.04956,20510.71129,1646.753089,35621.25483,51.04,10.21,71.46,286.6049735,2919.05942,4883.502688,392.0840689
1984,1229.447738,13628.94834,20946.98726,1794.646365,37600.02971,52.13,11.35,72.98,292.7256518,3244.9877,4987.37792,427.2967535
1985,1253.032003,15850.40688,21882.54091,1996.007405,40981.9872,53.13,13.2,74.38,298.340953,3773.9064,5210.128788,475.2398583
1986,1275.672897,18492.14136,22836.70266,2223.122785,44827.6397,54.09,15.4,75.73,303.7316422,4402.8908,5437.310156,529.3149488
1987,1298.077949,21145.88372,23815.62311,2453.781416,48713.3662,55.04,17.61,77.05,309.0661783,5034.73422,5670.386455,584.2336704
1988,1320.718844,23379.35015,24838.72126,2667.621762,52206.41201,56,19.47,78.4,314.4568675,5566.51194,5913.981252,635.1480386
1989,1344.303109,24760.25681,25914.3266,2844.710929,54863.59745,57,20.62,79.8,320.0721687,5895.29924,6170.077762,677.312126
1990,1369.774115,25360.65101,27064.80255,2988.623124,56783.85079,58.08,21.12,81.31,326.136694,6038.25024,6444.000606,711.5769344
1991,1397.131862,27341.95187,28294.13574,3212.570032,60245.7895,59.24,22.77,82.93,332.6504434,6509.98854,6736.698986,764.8976266
1992,1425.43298,29599.43406,29592.49983,3459.663805,64077.03067,60.44,24.65,84.62,339.3888048,7047.4843,7045.833292,823.7294774
1993,1454.913311,31892.9399,30956.02094,3717.917675,68021.79183,61.69,26.56,86.36,346.4079313,7593.55712,7370.481177,885.2184941
1994,1484.393643,34294.5167,32372.89695,3991.820147,72143.62744,62.94,28.56,88.11,353.4270578,8165.36112,7707.832606,950.4333684
1995,1513.638131,36852.196,33837.50324,4284.613179,76487.95054,64.18,30.69,89.85,360.3900313,8774.33238,8056.54839,1020.145995
1996,1541.93925,39638.02508,35335.80604,4600.826945,81116.59732,65.38,33.01,91.54,367.1283928,9437.62502,8413.287152,1095.434987
1997,1569.061155,42700.0355,36856.22232,4943.781221,86069.1002,66.53,35.56,93.15,373.5859892,10166.67512,8775.291028,1177.090767
1998,1594.532161,46122.28244,38385.96327,5318.6963,91421.47417,67.61,38.41,94.65,379.6505145,10981.49582,9139.515064,1266.356262
1999,1617.64474,49952.79744,39915.11567,5728.93579,97214.49364,68.59,41.6,96.02,385.1535096,11893.5232,9503.598968,1364.032331
2000,1637.691366,54251.61991,41424.29946,6178.491404,103492.1021,69.44,45.18,97.22,389.9265157,12917.05236,9862.928442,1471.069382
2001,1654.672037,61300.24782,42901.01479,6782.930452,112638.8651,70.16,51.05,98.23,393.9695325,14595.2971,10214.52733,1614.983441
2002,1667.643382,68108.71805,44318.23759,7390.342193,121484.9412,70.71,56.72,99,397.0579482,16216.36144,10551.96133,1759.605284
2003,1677.548774,71999.27246,45112.81433,7874.480347,126664.1159,71.13,59.96,99.58,399.4163747,17142.68392,10741.14627,1874.876273
2004,1685.567424,75457.54306,45869.6477,8358.010513,131370.7687,71.47,62.84,100.05,401.3255771,17966.08168,10921.34469,1990.002503
2005,1691.935175,78531.56136,46601.03133,8843.609078,135668.1369,71.74,65.4,100.44,402.8417084,18697.9908,11095.48365,2105.621209
2006,1697.595399,81269.35891,47315.19076,9333.807605,139615.9527,71.98,67.68,100.77,404.1893807,19349.84736,11265.52161,2222.335144
2007,1702.783937,83718.96725,48030.276,9831.11052,143283.1377,72.2,69.72,101.08,405.424747,19933.08744,11435.78,2340.7406
2008,1708.208318,85928.4179,48760.51866,10338.08556,146735.2304,72.43,71.56,101.4,406.7162663,20459.14712,11609.6473,2461.448942
2009,1714.104385,87933.73453,49515.9701,10856.77627,150020.5853,72.68,73.23,101.75,408.1200916,20936.60346,11789.51669,2584.94673
2010,1720.943821,89782.94867,50312.07985,11390.03051,153206.0028,72.97,74.77,102.16,409.7485289,21376.89254,11979.06663,2711.912026
2011,1729.434157,91524.09185,51170.00519,11940.94017,156364.4714,73.33,76.22,102.67,411.7700373,21791.45044,12183.33457,2843.080993
2012,1740.282919,93205.19561,52101.80069,12512.88901,159560.1682,73.79,77.62,103.3,414.3530759,22191.71324,12405.19064,2979.259288
2013,1757.027747,94778.22841,53237.44847,13103.6821,162876.3867,74.5,78.93,104.3,418.3399398,22566.24486,12675.58297,3119.92431
2014,1781.083697,96195.15872,54614.96615,13710.78489,166301.9935,75.52,80.11,105.73,424.067547,22903.60922,13003.56337,3264.472593
2015,1808.91313,97480.00231,56138.11056,14335.98588,169763.0119,76.7,81.18,107.39,430.6936024,23209.52436,13366.2168,3413.329971
2016,1836.978405,98656.77494,57689.94588,14981.23481,173164.934,77.89,82.16,109.05,437.3758108,23489.70832,13735.7014,3566.96067
2017,1861.506041,99749.49239,59158.51343,15648.66775,176418.1796,78.93,83.07,110.5,443.2157241,23749.87914,14085.36034,3725.873274
2018,1882.496037,100758.1546,60540.24215,16338.89922,179519.7921,79.82,83.91,111.74,448.2133422,23990.03682,14414.34337,3890.214101
2019,1902.30682,101694.7696,61919.19867,17053.4404,182569.7155,80.66,84.69,112.93,452.9301952,24213.04038,14742.66635,4060.342952
2020,1921.174232,102547.3294,63283.69102,17792.07208,185544.2667,81.46,85.4,114.05,457.4224361,24416.0308,15067.54548,4236.207639
2021,1938.86243,103303.8261,64632.70733,18554.4521,188429.8479,82.21,86.03,115.1,461.633912,24596.14906,15388.73984,4417.72669
