D+,D-,S,Index
0.305817322,0,0,60
0.305336309,0.002206719,0.007175317,59
0.304826054,0.004359474,0.014099866,58
0.303672628,0.006513601,0.020999002,57
0.303101311,0.008554836,0.027449598,56
0.301884654,0.010652204,0.034083031,55
0.301250743,0.01259914,0.040143841,54
0.299969403,0.014629429,0.046501854,53
0.298655166,0.016641159,0.052779426,52
0.297307843,0.018632446,0.058974581,51
0.295927315,0.020603351,0.065091169,50
0.294513538,0.02255497,0.071135952,49
0.293066536,0.024488982,0.077117167,48
0.291426372,0.026467988,0.083260325,47
0.289776404,0.028429768,0.089343861,46
0.288111835,0.030376454,0.095376989,45
0.286427921,0.03231113,0.101371733,44
0.284719967,0.034237501,0.107341901,43
0.282983308,0.036159681,0.113302444,42
0.281213311,0.038082057,0.119269056,41
0.279405358,0.040009199,0.125257908,40
0.27755832,0.041918093,0.131208726,39
0.274985195,0.044280742,0.138695478,38
0.271361919,0.047508517,0.148990035,37
0.267228621,0.051395143,0.161303546,36
0.26310455,0.055532826,0.174282209,35
0.259478325,0.059344435,0.18613613,34
0.2568141,0.062182892,0.194932535,33
0.255015327,0.06407227,0.200798372,32
0.251557162,0.067877576,0.212492781,31
0.247743554,0.072171681,0.225596263,30
0.243852744,0.076620565,0.239085636,29
0.239814468,0.081298183,0.253176518,28
0.235563336,0.086288,0.268098933,27
0.231040128,0.091681512,0.284088517,26
0.226193822,0.09757762,0.301378093,25
0.220984582,0.104082353,0.32018745,24
0.215387989,0.111308634,0.340709473,23
0.209400979,0.119375866,0.363090857,22
0.201263176,0.132070423,0.396210954,21
0.193820918,0.144603482,0.427284445,20
0.188704112,0.152245217,0.446533265,19
0.183896705,0.159215095,0.4640327,18
0.17930532,0.165591049,0.480118273,17
0.174849229,0.171456676,0.495101797,16
0.170459292,0.176899318,0.509269996,15
0.166076736,0.182008751,0.522885204,14
0.161651924,0.186876227,0.536186895,13
0.157143236,0.191593714,0.549393215,12
0.152516195,0.196253267,0.56270198,11
0.147742957,0.200946481,0.576290702,10
0.14281435,0.205659032,0.590171424,9
0.137726901,0.210322638,0.604289374,8
0.132468507,0.214949344,0.618705525,7
0.127028059,0.219552273,0.633481628,6
0.12139384,0.224144633,0.648682131,5
0.105338006,0.233909513,0.689495132,4
0.074190312,0.253037578,0.773276318,3
0.036293474,0.278823454,0.884825376,2
0,0.305817322,1,1
